<?xml version="1.0" encoding="UTF-8"?>
<window>
	<!-- loginscreen -->
	<backgroundcolor>Background</backgroundcolor>
	<defaultcontrol always="true">52</defaultcontrol>

	<controls>
        <!-- Background -->
        <include>Furniture_Background</include>
        <include>Furniture_TopBar</include>
        <include>Furniture_RSS</include>

        <!-- Content -->
        <control type="group">
            <top>210</top>
            <bottom>64</bottom>
            <left>0</left>
            <right>0</right>
            <include>Animation_SlideIn</include>
            <include>Animation_FadeOut</include>
            <!-- <include>Dialog_Background</include> -->
            <control type="group">
                <top>70</top>
                <left>side</left>
                <right>0</right>
                <height>height</height>
                <include name="Object_Line">
                    <param name="width" value="1880" />
                    <param name="label" value="$INFO[Control.GetLabel(2)]" />
                </include>
                <include name="Dialog_ImageList">
                    <param name="id" value="52" />
                    <param name="moveid" value="5" />
                    <param name="onup" value="5" />
                    <param name="left" value="0" />
                    <param name="width" value="1880" />
                    <param name="top" value="0" />
                    <param name="pad" value="20" />
                </include>

            </control>
        </control>
        <control type="label" id="2"><visible>false</visible></control>

	</controls>

</window>